Type,Name,Request Count,Failure Count,Median Response Time,Average Response Time,Min Response Time,Max Response Time,Average Content Size,Requests/s,Failures/s,50%,66%,75%,80%,90%,95%,98%,99%,99.9%,99.99%,100%
POST,/login,10,0,350.0,1085.57893,200.62159999999983,3087.103599999999,181.0,0.16880662726869786,0.0,1000,1000,1100,3100,3100,3100,3100,3100,3100,3100,3100
POST,/model/predict,212,0,2200.0,2276.4542466981134,218.51909999999998,5668.949099999999,115.0,3.5787004980963943,0.0,2200,2800,3100,4300,4600,4900,5400,5600,5700,5700,5700
,Aggregated,222,0,1700.0,2222.8112144144147,200.62159999999983,5668.949099999999,117.97297297297297,3.7475071253650922,0.0,1800,2700,3100,4200,4600,4900,5400,5600,5700,5700,5700
