Type,Name,Request Count,Failure Count,Median Response Time,Average Response Time,Min Response Time,Max Response Time,Average Content Size,Requests/s,Failures/s,50%,66%,75%,80%,90%,95%,98%,99%,99.9%,99.99%,100%
GET,/,153,153,1600.0,2778.8785137254904,10.577399999999848,14661.618000000004,19.84313725490196,1.286892148375718,1.286892148375718,1600,2600,4500,5000,7200,9000,11000,14000,15000,15000,15000
GET,/docs,138,20,6100.0,5670.981752898551,5.0338999999999245,14958.856100000006,807.1884057971015,1.1607262514761378,0.16822119586610693,6100,7800,8700,9400,11000,14000,15000,15000,15000,15000,15000
POST,/login,50,0,3700.0,5488.467372,1085.4823000000001,13992.922700000001,181.0,0.42055298966526733,0.0,3700,4800,4800,14000,14000,14000,14000,14000,14000,14000,14000
POST,/model/predict,416,77,9800.0,8933.26337163461,548.6441999999982,16103.457599999998,93.7139423076923,3.499000874015024,0.6476516040845116,9900,11000,11000,12000,14000,15000,16000,16000,16000,16000,16000
,Aggregated,757,250,7500.0,6867.139796169091,5.0338999999999245,16103.457599999998,214.61426684280053,6.367172263532147,2.1027649483263366,7500,9700,10000,11000,14000,15000,15000,16000,16000,16000,16000
