Type,Name,Request Count,Failure Count,Median Response Time,Average Response Time,Min Response Time,Max Response Time,Average Content Size,Requests/s,Failures/s,50%,66%,75%,80%,90%,95%,98%,99%,99.9%,99.99%,100%
GET,/,114,114,670.0,2110.433121929825,5.335399999999879,16274.500899999992,21.035087719298247,0.9661529865703787,0.9661529865703787,710,1200,1600,2500,4900,14000,16000,16000,16000,16000,16000
GET,/docs,109,28,5300.0,6986.1753706422005,4.051400000008698,22119.837199999998,701.5045871559633,0.9237778555804499,0.2373007335436018,5300,11000,12000,14000,16000,19000,22000,22000,22000,22000,22000
POST,/login,50,0,4700.0,6884.506160000002,1594.6528,15006.1745,181.0,0.42375130989928894,0.0,4700,8300,8300,14000,14000,14000,15000,15000,15000,15000,15000
POST,/model/predict,337,122,10000.0,10768.860535905043,456.29189999999653,24644.4584,73.3679525222552,2.8560838287212076,1.033953196154265,10000,16000,16000,17000,19000,24000,25000,25000,25000,25000,25000
,Aggregated,610,264,6600.0,8156.416065409844,4.051400000008698,24644.4584,184.65081967213115,5.1697659807713245,2.2374069162682457,6600,11000,15000,16000,18000,20000,24000,25000,25000,25000,25000
